Organization Name,Headquarters Location,Operating Status,Company Type,Number of Investments,Number of Lead Investments,Number of Diversity Investments,Number of Exits,Number of Lead Investors,Number of Investors,Industry Groups,Industries,Number of Funding Rounds,Funding Status,Last Funding Date,Last Funding Amount,Last Funding Amount Currency,Last Funding Amount Currency (in USD),Last Funding Type,Last Equity Funding Type,Last Equity Funding Amount,Last Equity Funding Amount Currency,Last Equity Funding Amount Currency (in USD),Total Funding Amount,Total Funding Amount Currency,Total Funding Amount Currency (in USD),Number of Events,SEMrush - Monthly Visits,SEMrush - Average Visits (6 months),SEMrush - Visit Duration,Aberdeen - IT Spend,Aberdeen - IT Spend Currency,Aberdeen - IT Spend Currency (in USD)
Tencent,"Shenzhen, Guangdong, China",Active,For Profit,693.0,375.0,15.0,125.0,1.0,4.0,"Advertising, Gaming, Internet Services, Sales and Marketing","Advertising, Internet, Online Games, Online Portals, Social Media Marketing",6.0,IPO,2020-05-29,6000000000.0,USD,6000000000.0,Post-IPO Debt,Post-IPO Equity,44350000.0,USD,44350000.0,12576770000.0,USD,12576770000.0,22.0,"4,085,844","3,553,184",600.0,,,
Ubisoft,"Montreuil-sous-bois, Ile-de-France, France",Active,For Profit,9.0,,,1.0,1.0,4.0,"Content and Publishing, Gaming, Media and Entertainment","Media and Entertainment, Publishing, Video Games",3.0,IPO,2018-03-21,618000000.0,EUR,763021367.0,Post-IPO Secondary,Post-IPO Equity,50000000.0,CNY,7629264.0,770650631.0,USD,770650631.0,16.0,"32,820,567","27,881,933.83",392.0,,,
Techstars,"Boulder, Colorado, United States",Active,For Profit,3.569,491.0,795.0,363.0,1.0,11.0,"Financial Services, Lending and Investments","Finance, Financial Services, Venture Capital",6.0,,2021-05-17,4999999.0,USD,4999999.0,Venture - Series Unknown,Venture - Series Unknown,4999999.0,USD,4999999.0,108799999.0,USD,108799999.0,318.0,606.778,"240,410.17",275.0,26964318.0,USD,26964318.0
Zomato,"Gurgaon, Haryana, India",Active,For Profit,15.0,13.0,,2.0,12.0,25.0,"Apps, Events, Food and Beverage, Media and Entertainment, Mobile, Software, Transportation","Food Delivery, Mobile Apps, Reservations, Restaurants",21.0,IPO,2021-02-22,250000000.0,USD,250000000.0,Venture - Series Unknown,Venture - Series Unknown,250000000.0,USD,250000000.0,2100568357.0,USD,2100568357.0,,"28,528,270","22,805,302",494.0,,,
SAP,"Walldorf, Baden-Wurttemberg, Germany",Active,For Profit,29.0,7.0,,14.0,1.0,2.0,"Consumer Electronics, Data and Analytics, Financial Services, Hardware, Software","Analytics, Business Intelligence, Computer, Finance, Software",2.0,IPO,2019-04-24,1300000000.0,USD,1300000000.0,Post-IPO Equity,Post-IPO Equity,1300000000.0,USD,1300000000.0,1301371240.0,USD,1301371240.0,239.0,"27,548,849","26,208,156.17",544.0,67473085.0,USD,67473085.0
Swiggy,"Bangalore, Karnataka, India",Active,For Profit,6.0,2.0,,2.0,15.0,41.0,"Administrative Services, Food and Beverage, Transportation","Delivery, Food and Beverage, Food Delivery",17.0,,2022-01-24,1250000000.0,USD,1250000000.0,Undisclosed,Undisclosed,1250000000.0,USD,1250000000.0,4828380000.0,USD,4828380000.0,,"17,661,703","11,010,168.33",789.0,,,
Twilio,"San Francisco, California, United States",Active,For Profit,16.0,2.0,4.0,2.0,7.0,24.0,"Apps, Information Technology, Internet Services, Messaging and Telecommunications, Mobile, Software","Enterprise Software, Messaging, Mobile Apps, SMS, Software",11.0,IPO,2021-07-28,378215525.0,USD,378215525.0,Post-IPO Equity,Post-IPO Equity,378215525.0,USD,378215525.0,614415525.0,USD,614415525.0,98.0,"14,482,569","8,736,997.17",621.0,253802890.0,USD,253802890.0
Samsung Electronics,"Seoul, Seoul-t'ukpyolsi, South Korea",Active,For Profit,45.0,17.0,2.0,15.0,,1.0,"Consumer Electronics, Hardware, Manufacturing, Mobile","Consumer Electronics, Electronics, Manufacturing, Mobile, Mobile Devices",2.0,M&A,2020-07-07,1050000.0,BRL,195199.0,Seed,Seed,1050000.0,BRL,195199.0,195200.0,USD,195200.0,175.0,"354,059,740","532,450,110.83",535.0,,,
Shopify,"Ottawa, Ontario, Canada",Active,For Profit,11.0,2.0,,,5.0,8.0,"Commerce and Shopping, Internet Services, Software","E-Commerce, E-Commerce Platforms, Enterprise Software, SaaS",4.0,IPO,2013-12-11,100000000.0,USD,100000000.0,Series C,Series C,100000000.0,USD,100000000.0,122250000.0,USD,122250000.0,56.0,"151,447,392","98,608,818.5",649.0,236725950.0,USD,236725950.0
Venture Catalysts,"Mumbai, Maharashtra, India",Active,,244.0,122.0,1.0,11.0,,2.0,"Financial Services, Lending and Investments","Angel Investment, Finance, Incubators, Venture Capital",2.0,Seed,2018-04-05,,,,Seed,Seed,,,,500000.0,USD,500000.0,,14.059,"5,217.33",451.0,,,
SoftBank,"Tokyo, Tokyo, Japan",Active,For Profit,308.0,151.0,37.0,81.0,1.0,2.0,"Commerce and Shopping, Financial Services, Hardware, Internet Services, Lending and Investments, Mobile","Banking, E-Commerce, Internet, Mobile, Telecommunications",2.0,IPO,2022-03-03,100000000000.0,JPY,865943315.0,Post-IPO Debt,Private Equity,1000000000.0,USD,1000000000.0,1865943315.0,USD,1865943315.0,7.0,,,,,,
Silver Lake,"Menlo Park, California, United States",Active,For Profit,119.0,69.0,13.0,47.0,3.0,3.0,"Financial Services, Information Technology, Lending and Investments","Finance, Financial Services, FinTech, Information Technology, Venture Capital",3.0,Private Equity,2021-07-06,40000000.0,USD,40000000.0,Private Equity,Private Equity,40000000.0,USD,40000000.0,2040000000.0,USD,2040000000.0,,30.781,"20,862.67",265.0,3206.0,USD,3206.0
Zoom,"San Jose, California, United States",Active,For Profit,24.0,12.0,1.0,3.0,5.0,19.0,"Hardware, Information Technology, Internet Services, Messaging and Telecommunications, Other, Software","Collaboration, Information Technology, Messaging, Video Conferencing",8.0,IPO,2021-11-04,130000000.0,USD,130000000.0,Post-IPO Equity,Post-IPO Equity,130000000.0,USD,130000000.0,276000000.0,USD,276000000.0,44.0,"637,716,832","669,087,972.17",745.0,204574021.0,USD,204574021.0
Stripe,"San Francisco, California, United States",Active,For Profit,49.0,21.0,6.0,1.0,14.0,48.0,"Financial Services, Mobile, Payments, Software","Finance, FinTech, Mobile Payments, SaaS",19.0,,2022-03-18,,,,Secondary Market,Venture - Series Unknown,,,,2235100000.0,USD,2235100000.0,40.0,"91,673,603","69,096,235.67",534.0,47542633.0,USD,47542633.0
Startup Wise Guys,"Tallinn, Harjumaa, Estonia",Active,,346.0,89.0,4.0,7.0,,1.0,"Financial Services, Hardware, Information Technology, Other, Privacy and Security, Software, Sustainability","Augmented Reality, B2B, Cyber Security, FinTech, SaaS, Sustainability, Virtual Reality",1.0,,2019-01-01,8800000.0,EUR,10086121.0,Undisclosed,Undisclosed,8800000.0,EUR,10086121.0,8800000.0,EUR,10086122.0,17.0,8.799,"7,102.83",29.0,,,
UST,"Aliso Viejo, California, United States",Active,For Profit,12.0,7.0,1.0,3.0,1.0,1.0,"Information Technology, Professional Services","Consulting, Information Services, Information Technology",1.0,Private Equity,2018-06-27,250000000.0,USD,250000000.0,Private Equity,Private Equity,250000000.0,USD,250000000.0,250000000.0,USD,250000000.0,11.0,,,,,,
Zip,"Sydney, New South Wales, Australia",Active,For Profit,4.0,4.0,,3.0,3.0,4.0,"Financial Services, Payments","Finance, Financial Services, FinTech, Payments",8.0,IPO,2021-04-15,400000000.0,AUD,310053003.0,Post-IPO Debt,Post-IPO Equity,120000000.0,AUD,91374964.0,893557988.0,USD,893557988.0,1.0,"11,622,913","4,704,765.83",487.0,,,
SenseTime,"Sha Tin, New Territories, Hong Kong",Active,For Profit,16.0,8.0,,,11.0,27.0,"Artificial Intelligence, Data and Analytics, Hardware, Science and Engineering, Software","Artificial Intelligence, Augmented Reality, Computer Vision, Software",9.0,IPO,2020-12-01,,,,Series D,Series D,,,,2640000000.0,USD,2640000000.0,4.0,236.266,"230,996.67",774.0,,,
The Walt Disney Company,"Burbank, California, United States",Active,For Profit,20.0,5.0,5.0,4.0,1.0,1.0,"Consumer Goods, Media and Entertainment, Travel and Tourism, Video","Amusement Park and Arcade, Animation, Consumer Goods, Media and Entertainment, Resorts",2.0,IPO,2020-04-13,5000000000.0,USD,5000000000.0,Post-IPO Debt,,,,,11000000000.0,USD,11000000000.0,17.0,"1,357,106","1,431,886.67",360.0,1941768064.0,USD,1941768064.0
Spotify,"Stockholm, Stockholms Lan, Sweden",Active,For Profit,5.0,3.0,1.0,1.0,10.0,53.0,"Internet Services, Media and Entertainment, Music and Audio, Software","Audio, Cloud Computing, Music, Music Streaming",19.0,IPO,2021-02-25,,,,Post-IPO Equity,Post-IPO Equity,,,,2085424679.0,USD,2085424679.0,32.0,"452,401,544","298,088,942.67",473.0,,,
Xerox,"Norwalk, Connecticut, United States",Active,For Profit,3.0,2.0,,,,7.0,"Content and Publishing, Hardware, Information Technology, Media and Entertainment, Software","Digital Media, Hardware, Information Technology, Printing, Software",4.0,M&A,2020-01-06,24000000000.0,USD,24000000000.0,Post-IPO Equity,Post-IPO Equity,24000000000.0,USD,24000000000.0,27200000000.0,USD,27200000000.0,10.0,"2,562,451","2,318,289.67",445.0,774681842.0,USD,774681842.0
Seedcamp,"London, England, United Kingdom",Active,,477.0,52.0,9.0,49.0,,13.0,"Financial Services, Lending and Investments","Finance, Financial Services, Venture Capital",6.0,,2020-12-01,78000000.0,GBP,104690398.0,Undisclosed,Undisclosed,78000000.0,GBP,104690398.0,108746030.0,USD,108746030.0,7.0,12.702,"20,217.33",178.0,,,
Team8,"Tel Aviv-yafo, Tel Aviv, Israel",Active,For Profit,26.0,12.0,4.0,3.0,1.0,15.0,"Financial Services, Information Technology, Lending and Investments, Privacy and Security","Cyber Security, Financial Services, FinTech, Venture Capital",4.0,,2017-01-09,,,,Venture - Series Unknown,Venture - Series Unknown,,,,56000000.0,USD,56000000.0,2.0,13.523,"13,302.5",1.838,,,
Schneider Electric,"Rueil-malmaison, Ile-de-France, France",Active,For Profit,25.0,6.0,3.0,1.0,2.0,2.0,"Consumer Electronics, Energy, Hardware, Information Technology, Sustainability","Electronics, Energy, Energy Management, Information Technology, Renewable Energy",2.0,,2018-04-05,1600000.0,USD,1600000.0,Grant,Venture - Series Unknown,,,,1600000.0,USD,1600000.0,54.0,,,,,,
Sedgwick Claims Management Services,"Memphis, Tennessee, United States",Active,For Profit,4.0,2.0,,,1.0,2.0,"Financial Services, Lending and Investments, Professional Services","Banking, Insurance, Risk Management",3.0,M&A,2018-12-01,,,,Private Equity,Private Equity,,,,501781043.0,USD,501781043.0,1.0,"1,157,610",475.878,628.0,227923655.0,USD,227923655.0
The Boeing Company,"Chicago, Illinois, United States",Active,For Profit,18.0,11.0,1.0,1.0,,4.0,"Government and Military, Manufacturing, Science and Engineering, Transportation","Aerospace, Manufacturing, National Security, Transportation",1.0,IPO,2019-05-01,1500000000.0,USD,1500000000.0,Post-IPO Debt,,,,,1500000000.0,USD,1500000000.0,13.0,"3,708,795","2,874,063.83",684.0,990774512.0,USD,990774512.0
SeedInvest,"New York, New York, United States",Active,,190.0,10.0,36.0,31.0,1.0,9.0,"Financial Services, Lending and Investments, Other","Association, Crowdfunding, Funding Platform, Venture Capital",5.0,M&A,2016-06-01,5125000.0,USD,5125000.0,Venture - Series Unknown,Venture - Series Unknown,5125000.0,USD,5125000.0,12375000.0,USD,12375000.0,2.0,290.167,"231,995.33",362.0,,,
SoFi,"San Francisco, California, United States",Active,For Profit,11.0,1.0,2.0,4.0,9.0,41.0,Financial Services,"Financial Services, FinTech, Life Insurance, Wealth Management",20.0,IPO,2021-01-07,369840376.0,USD,369840376.0,Venture - Series Unknown,Venture - Series Unknown,369840376.0,USD,369840376.0,2975062287.0,USD,2975062287.0,6.0,"38,207,367","10,329,197",956.0,71456.0,USD,71456.0
Slack,"San Francisco, California, United States",Active,For Profit,24.0,8.0,3.0,2.0,10.0,46.0,"Information Technology, Internet Services, Messaging and Telecommunications, Other, Software","Collaboration, Enterprise Software, Messaging, Productivity Tools",14.0,M&A,2019-01-28,,,,Secondary Market,Series H,427000000.0,USD,427000000.0,1391100000.0,USD,1391100000.0,46.0,"61,611,714","59,366,646.17",501.0,,,
Wintermute Trading,"London, England, United Kingdom",Active,For Profit,30.0,2.0,,,2.0,11.0,"Financial Services, Other, Payments, Software","Blockchain, Cryptocurrency, Financial Services",4.0,Early Stage Venture,2021-01-20,20000000.0,USD,20000000.0,Series B,Series B,20000000.0,USD,20000000.0,23800000.0,USD,23800000.0,,,,,,,
Tech Coast Angels,"Newport Beach, California, United States",Active,,575.0,45.0,94.0,83.0,,1.0,"Financial Services, Lending and Investments","Angel Investment, Finance, Financial Services",1.0,Seed,2019-01-01,1200000.0,USD,1200000.0,Seed,Seed,1200000.0,USD,1200000.0,1200000.0,USD,1200000.0,4.0,8.302,"4,471.5",256.0,28018.0,USD,28018.0
Visa,"San Francisco, California, United States",Active,For Profit,79.0,34.0,9.0,25.0,1.0,1.0,"Financial Services, Mobile, Payments, Software","Finance, Financial Services, Mobile Payments, Payments",1.0,IPO,2016-09-10,,,,Post-IPO Equity,Post-IPO Equity,,,,,,,56.0,"31,917,440","9,543,614.17",467.0,2215709709.0,USD,2215709709.0
Splunk,"San Francisco, California, United States",Active,For Profit,4.0,,1.0,,6.0,8.0,"Artificial Intelligence, Data and Analytics, Information Technology, Other, Science and Engineering, Software","Analytics, Information Technology, Intelligent Systems, Real Time, Software",7.0,IPO,2022-03-04,1400000000.0,USD,1400000000.0,Post-IPO Equity,Post-IPO Equity,1400000000.0,USD,1400000000.0,2440000000.0,USD,2440000000.0,123.0,"2,331,050","3,030,096.33",493.0,321167025.0,USD,321167025.0
Tencent Music Entertainment,"Shenzhen, Guangdong, China",Active,For Profit,11.0,7.0,,4.0,1.0,3.0,"Internet Services, Media and Entertainment, Mobile, Music and Audio","Internet, Media and Entertainment, Mobile, Music, Music Streaming",4.0,M&A,2018-02-01,,,,Private Equity,Private Equity,,,,1069814193.0,USD,1069814193.0,,,,,,,
Youth Business International,"London, England, United Kingdom",Active,Non-profit,1.0,1.0,,1.0,1.0,1.0,"Community and Lifestyle, Education, Internet Services, Media and Entertainment, Other, Professional Services","Association, Communities, Consulting, Education, Non Profit, Social Media",1.0,,2018-10-02,6000000.0,USD,6000000.0,Grant,,,,,6000000.0,USD,6000000.0,,510,"4,122.33",81.0,87074.0,USD,87074.0
Intel,"Santa Clara, California, United States",Active,For Profit,70.0,15.0,6.0,32.0,,3.0,"Artificial Intelligence, Data and Analytics, Design, Information Technology, Science and Engineering, Software","Artificial Intelligence, Information Technology, Product Design, Software",2.0,IPO,2021-02-22,10000000.0,USD,10000000.0,Post-IPO Equity,Post-IPO Equity,10000000.0,USD,10000000.0,12510000.0,USD,12510000.0,497.0,"35,327,997","29,044,559.17",767.0,5883534744.0,USD,5883534744.0
Liquidity,"New York, New York, United States",Active,For Profit,36.0,7.0,4.0,1.0,2.0,4.0,"Financial Services, Lending and Investments","Finance, Financial Services, Venture Capital",3.0,,2022-04-05,725000000.0,USD,725000000.0,Debt Financing,Undisclosed,50000000.0,USD,50000000.0,795000000.0,USD,795000000.0,,5.186,"9,566.17",39.0,,,
MoonPay,"Miami, Florida, United States",Active,For Profit,3.0,,,,2.0,84.0,"Financial Services, Mobile, Payments, Software","Financial Services, FinTech, Mobile Payments",2.0,Early Stage Venture,2022-04-13,87000000.0,USD,87000000.0,Series A,Series A,87000000.0,USD,87000000.0,642000000.0,USD,642000000.0,1.0,"1,667,436","983,846.83",853.0,,,
Lyft,"San Francisco, California, United States",Active,For Profit,3.0,2.0,1.0,,13.0,79.0,"Apps, Mobile, Software, Transportation","Mobile Apps, Ride Sharing, Software, Transportation",27.0,IPO,2019-03-01,,,,Secondary Market,Series I,600000000.0,USD,600000000.0,4913606778.0,USD,4913606778.0,46.0,"21,819,249","15,297,238.67",548.0,53002220.0,USD,53002220.0
Meta,"Menlo Park, California, United States",Active,For Profit,42.0,21.0,4.0,,11.0,27.0,"Hardware, Internet Services, Media and Entertainment, Software","Augmented Reality, Social Media, Social Network, Virtual Reality",16.0,IPO,2014-10-20,13787117488.0,USD,13787117488.0,Post-IPO Equity,Post-IPO Equity,13787117488.0,USD,13787117488.0,16122817488.0,USD,16122817488.0,239.0,"10,233,543,352","11,284,041,410.67",1.314,12894749914.0,USD,12894749914.0
Lenovo,"Beijing, Beijing, China",Active,For Profit,26.0,7.0,1.0,2.0,,6.0,"Consumer Electronics, Hardware, Mobile","Computer, Electronics, Hardware, Mobile",3.0,IPO,2017-10-03,500000000.0,USD,500000000.0,Post-IPO Equity,Post-IPO Equity,500000000.0,USD,500000000.0,850025000.0,USD,850025000.0,144.0,"53,197,854","62,482,789",587.0,,,
Okta,"San Francisco, California, United States",Active,For Profit,1.0,,,,3.0,17.0,"Information Technology, Privacy and Security, Sales and Marketing, Software","CRM, Enterprise Software, Identity Management, Management Information Systems",9.0,IPO,2020-06-08,1000000000.0,USD,1000000000.0,Post-IPO Equity,Post-IPO Equity,1000000000.0,USD,1000000000.0,1229250000.0,USD,1229250000.0,87.0,"150,698,497","128,457,029.5",542.0,120351864.0,USD,120351864.0
Niantic,"San Francisco, California, United States",Active,For Profit,3.0,,,,4.0,21.0,"Gaming, Hardware, Software","Augmented Reality, Software, Video Games, Virtual Reality",5.0,Late Stage Venture,2021-11-22,300000000.0,USD,300000000.0,Series D,Series D,300000000.0,USD,300000000.0,770000000.0,USD,770000000.0,3.0,"16,457,942","12,446,161.83",880.0,869981.0,USD,869981.0
Netflix,"Los Gatos, California, United States",Active,For Profit,3.0,,,1.0,4.0,8.0,"Content and Publishing, Media and Entertainment, Video","Digital Entertainment, Media and Entertainment, TV, Video Streaming",13.0,IPO,2018-05-05,2666198.0,USD,2666198.0,Post-IPO Debt,Series E,50025952.0,USD,50025952.0,121908000000.0,USD,121908000000.0,37.0,"872,076,095","1,026,494,647.83",560.0,1002235362.0,USD,1002235362.0
Nokia,"Espoo, Southern Finland, Finland",Active,For Profit,41.0,10.0,3.0,15.0,2.0,2.0,"Consumer Electronics, Hardware, Internet Services, Mobile, Software","Electronics, Enterprise Software, Internet of Things, Mobile Devices, Telecommunications",2.0,IPO,2018-12-03,250000000.0,EUR,283861884.0,Post-IPO Debt,,,,,750000000.0,EUR,868070947.0,83.0,"7,016,347","7,829,606.5",539.0,4427528.0,USD,4427528.0
Roche,"Basel, Basel-Stadt, Switzerland",Active,For Profit,8.0,4.0,,3.0,3.0,3.0,"Biotechnology, Health Care, Science and Engineering","Biotechnology, Health Care, Health Diagnostics, Pharmaceutical",4.0,IPO,2021-08-04,5000000000.0,USD,5000000000.0,Post-IPO Equity,Post-IPO Equity,5000000000.0,USD,5000000000.0,7790500000.0,USD,7790500000.0,26.0,"1,390,109","1,257,997.83",366.0,,,
OfBusiness,"Gurgaon, Haryana, India",Active,For Profit,2.0,,,,9.0,17.0,"Financial Services, Other","Financial Services, FinTech, Infrastructure, Lending, Small and Medium Businesses",11.0,Late Stage Venture,2021-12-20,185000000.0,USD,185000000.0,Series G,Series G,185000000.0,USD,185000000.0,878125171.0,USD,878125171.0,,21.568,"11,793.83",296.0,,,
Northern Arc,"Chennai, Tamil Nadu, India",Active,For Profit,41.0,22.0,,2.0,11.0,13.0,"Financial Services, Other","Enterprise, Finance, Financial Services",13.0,,2021-09-29,1000000000.0,INR,13454865.0,Debt Financing,Corporate Round,,,,447083209.0,USD,447083209.0,,5.362,"2,888.67",123.0,,,
Rakuten,"Tokyo, Tokyo, Japan",Active,For Profit,74.0,39.0,5.0,24.0,1.0,5.0,"Commerce and Shopping, Consumer Electronics, Financial Services, Hardware, Internet Services, Payments","E-Commerce, Electronics, FinTech, Internet, Payments",3.0,IPO,2021-03-12,242000000000.0,JPY,2220183516.0,Post-IPO Equity,Post-IPO Equity,242000000000.0,JPY,2220183516.0,2262583516.0,USD,2262583516.0,8.0,,,,,,
Microsoft,"Redmond, Washington, United States",Active,For Profit,168.0,65.0,2.0,47.0,1.0,1.0,"Platforms, Software","Developer Tools, Enterprise Software, Operating Systems, Software",1.0,IPO,1981-09-01,1000000.0,USD,1000000.0,Venture - Series Unknown,Venture - Series Unknown,1000000.0,USD,1000000.0,1000000.0,USD,1000000.0,794.0,"977,774,793","867,936,735.33",533.0,24214894608.0,USD,24214894608.0
Nazara Technologies,"Mumbai, Maharashtra, India",Active,For Profit,11.0,10.0,,3.0,6.0,7.0,"Apps, Gaming, Mobile, Software","Gaming, Mobile, Mobile Apps, Software, Video Games",8.0,IPO,2021-02-09,13700000.0,USD,13700000.0,Private Equity,Private Equity,13700000.0,USD,13700000.0,146371285.0,USD,146371285.0,,11.634,"17,922.33",98.0,,,
Ola,"Kormangala, Karnataka, India",Active,For Profit,4.0,3.0,,1.0,28.0,60.0,"Apps, Mobile, Software, Transportation","Apps, Mobile, Ride Sharing, Transportation",29.0,Late Stage Venture,2022-02-22,1500000000.0,INR,20100098.0,Series J,Series J,1500000000.0,INR,20100098.0,4967772147.0,USD,4967772147.0,,"7,657,495","4,984,919.5",675.0,,,
Mirae Asset Global Investments,"Seoul, Seoul-t'ukpyolsi, South Korea",Active,For Profit,47.0,7.0,2.0,11.0,,3.0,"Financial Services, Lending and Investments, Other","Emerging Markets, Financial Services, Hedge Funds",2.0,IPO,2021-10-25,450000000.0,USD,450000000.0,Debt Financing,Post-IPO Equity,500050000000.0,KRW,441147928.0,891147929.0,USD,891147929.0,1.0,"2,264,970","650,035.67",1.35,,,
Orange,"Paris, Ile-de-France, France",Active,For Profit,17.0,4.0,,5.0,1.0,1.0,,,1.0,IPO,2019-12-09,700000000.0,EUR,774445082.0,Post-IPO Debt,,,,,700000000.0,EUR,774445082.0,46.0,"1,129,904","1,276,851.5",819.0,,,
LetsVenture,"Singapore, Central Region, Singapore",Active,,180.0,46.0,2.0,12.0,2.0,14.0,"Financial Services, Internet Services","FinTech, Internet",2.0,Early Stage Venture,2015-10-19,,,,Series A,Series A,,,,650000.0,USD,650000.0,3.0,28.07,"71,215.33",289.0,,,
Juniper Networks,"Sunnyvale, California, United States",Active,For Profit,48.0,9.0,4.0,28.0,,2.0,"Hardware, Information Technology, Other, Privacy and Security","Communication Hardware, Information Technology, Infrastructure, Security",5.0,M&A,2020-11-30,18061848.0,USD,18061848.0,Post-IPO Equity,Post-IPO Equity,18061848.0,USD,18061848.0,38677847.0,USD,38677847.0,99.0,"3,189,591","2,788,165.83",771.0,335866289.0,USD,335866289.0
Naver,"Seongnam, Kyonggi-do, South Korea",Active,For Profit,57.0,27.0,1.0,13.0,1.0,1.0,Internet Services,"Internet of Things, Online Portals, Search Engine",1.0,IPO,2017-06-27,500000000000.0,KRW,438231298.0,Post-IPO Equity,Post-IPO Equity,500000000000.0,KRW,438231298.0,500000000000.0,KRW,438231298.0,6.0,"4,527,697","5,170,841.5",3.046,,,
Navi Technologies,"Bengaluru, Karnataka, India",Active,For Profit,6.0,5.0,,,3.0,14.0,"Financial Services, Lending and Investments","Banking, Financial Services, FinTech, Insurance",5.0,Private Equity,2020-04-13,2040000000.0,INR,26751028.0,Private Equity,Private Equity,2040000000.0,INR,26751028.0,581977109.0,USD,581977109.0,,158.776,"76,327.67",94.0,,,
Huobi,"Beijing, Beijing, China",Active,For Profit,26.0,5.0,3.0,2.0,,4.0,"Financial Services, Other, Payments, Software","Bitcoin, Blockchain, Cryptocurrency, Financial Services, FinTech",5.0,,2020-12-01,,,,Initial Coin Offering,Initial Coin Offering,,,,2000000.0,USD,2000000.0,2.0,"4,656,949","8,042,290.83",988.0,,,
Groupon,"Chicago, Illinois, United States",Active,For Profit,8.0,3.0,,1.0,5.0,24.0,"Commerce and Shopping, Internet Services, Media and Entertainment","E-Commerce, Internet, Retail, Social Media",8.0,IPO,2019-12-30,,,,Post-IPO Equity,Post-IPO Equity,,,,1387000000.0,USD,1387000000.0,19.0,"44,654,303","38,645,473",396.0,109322578.0,USD,109322578.0
Ripple,"San Francisco, California, United States",Active,For Profit,23.0,9.0,3.0,3.0,5.0,39.0,"Financial Services, Internet Services, Other, Payments, Software","Blockchain, Cryptocurrency, FinTech, Internet, Payments",14.0,Early Stage Venture,2021-03-01,,,,Series B,Series B,,,,293800000.0,USD,293800000.0,14.0,678.731,"827,398.33",356.0,1460202.0,USD,1460202.0
OurCrowd,"Jerusalem, Yerushalayim, Israel",Active,For Profit,290.0,45.0,14.0,44.0,4.0,16.0,"Financial Services, Lending and Investments","Angel Investment, Crowdfunding, FinTech, Funding Platform, Venture Capital",6.0,Private Equity,2021-10-27,25000000.0,USD,25000000.0,Private Equity,Private Equity,25000000.0,USD,25000000.0,197500000.0,USD,197500000.0,5.0,211.477,"167,962.5",252.0,,,
H.I.G. Capital,"Miami, Florida, United States",Active,For Profit,152.0,66.0,9.0,50.0,1.0,1.0,"Financial Services, Lending and Investments, Real Estate","Credit, Finance, Financial Services, Insurance, Real Estate",2.0,,2016-12-12,36475924.0,USD,36475924.0,Venture - Series Unknown,Venture - Series Unknown,36475924.0,USD,36475924.0,36475924.0,USD,36475924.0,,25.021,"23,072.5",319.0,37725.0,USD,37725.0
LeapFrog Investments,"Port Louis Town, Port Louis, Mauritius",Active,,33.0,18.0,,3.0,1.0,1.0,Financial Services,"Finance, Financial Services, FinTech",1.0,Private Equity,2021-03-09,500000000.0,USD,500000000.0,Private Equity,Private Equity,500000000.0,USD,500000000.0,500000000.0,USD,500000000.0,,5.428,5.676,183.0,,,
Pattern,"Lehi, Utah, United States",Active,For Profit,1.0,1.0,,,3.0,5.0,"Commerce and Shopping, Hardware, Software","E-Commerce, Retail Technology",2.0,,2021-10-06,225000000.0,USD,225000000.0,Venture - Series Unknown,Venture - Series Unknown,225000000.0,USD,225000000.0,277000000.0,USD,277000000.0,,84.478,"82,633.83",519.0,,,
Kristal.AI,"Singapore, Central Region, Singapore",Active,For Profit,1.0,,,,2.0,6.0,"Financial Services, Lending and Investments","Banking, Financial Services, FinTech, Wealth Management",4.0,Early Stage Venture,2022-03-10,6300000.0,USD,6300000.0,Series B,Series B,6300000.0,USD,6300000.0,15350000.0,USD,15350000.0,,2.047,21.749,111.0,,,
IIFL Wealth Management,"Mumbai, Maharashtra, India",Active,For Profit,6.0,2.0,,2.0,2.0,3.0,"Financial Services, Lending and Investments","Asset Management, Banking, Financial Services, Wealth Management",3.0,IPO,2022-03-31,36799455000.0,INR,484780939.0,Post-IPO Equity,Post-IPO Equity,36799455000.0,INR,484780939.0,657780940.0,USD,657780940.0,,5.781,"18,306.5",75.0,,,
Massachusetts Institute of Technology,"Cambridge, Massachusetts, United States",Active,For Profit,18.0,6.0,1.0,2.0,5.0,6.0,"Education, Other","Education, Higher Education, Universities",8.0,,2020-01-30,65000.0,USD,65000.0,Grant,,,,,1095955000.0,USD,1095955000.0,17.0,,,,49678.0,USD,49678.0
Kraken,"San Francisco, California, United States",Active,For Profit,10.0,1.0,1.0,1.0,4.0,32.0,"Financial Services, Lending and Investments, Other, Payments, Software","Bitcoin, Blockchain, Ethereum, FinTech, Trading Platform",32.0,Private Equity,2021-12-01,,,,Secondary Market,Private Equity,,,,136100000.0,USD,136100000.0,2.0,"11,593,144","15,280,300.67",703.0,163179.0,USD,163179.0
NewSpring,"Radnor, Pennsylvania, United States",Active,,150.0,72.0,13.0,49.0,3.0,3.0,"Financial Services, Lending and Investments, Other","Angel Investment, Professional Services, Venture Capital",2.0,Private Equity,2021-06-14,120000000.0,USD,120000000.0,Private Equity,Private Equity,120000000.0,USD,120000000.0,195000000.0,USD,195000000.0,,3.806,,152.0,215789.0,USD,215789.0
Mogo,"Vancouver, British Columbia, Canada",Active,For Profit,5.0,3.0,,,1.0,2.0,"Financial Services, Internet Services","Finance, Financial Services, Internet",8.0,IPO,2021-02-22,49700000.0,USD,49700000.0,Post-IPO Equity,Post-IPO Equity,49700000.0,USD,49700000.0,263775489.0,USD,263775489.0,,121.756,"318,144.33",689.0,65980.0,USD,65980.0
Northleaf Capital Partners,"Toronto, Ontario, Canada",Active,,33.0,11.0,,14.0,2.0,2.0,"Financial Services, Lending and Investments","Angel Investment, Finance, Financial Services, Impact Investing, Venture Capital",1.0,Private Equity,2020-09-17,700000000.0,CAD,532267176.0,Private Equity,Private Equity,700000000.0,CAD,532267176.0,700000000.0,CAD,532267177.0,,285,"4,520.33",10.0,3209642.0,USD,3209642.0
Rocket Internet,"Berlin, Berlin, Germany",Active,For Profit,145.0,40.0,2.0,38.0,6.0,7.0,"Financial Services, Internet Services, Lending and Investments, Software","Finance, Financial Services, Incubators, Internet, Software",7.0,IPO,2015-02-13,588800000.0,EUR,670552408.0,Post-IPO Equity,Post-IPO Equity,588800000.0,EUR,670552408.0,2249056676.0,USD,2249056676.0,1.0,35.605,"22,993.67",165.0,,,
ParaFi Capital,"Greenwich, Connecticut, United States",Active,,76.0,17.0,1.0,1.0,1.0,5.0,"Financial Services, Lending and Investments, Other","Blockchain, Finance, Financial Services, Venture Capital",3.0,,2021-01-08,,,,Venture - Series Unknown,Venture - Series Unknown,,,,,,,,4.242,,0.0,,,
Moglix,"Singapore, Central Region, Singapore",Active,For Profit,1.0,1.0,,,10.0,19.0,"Commerce and Shopping, Manufacturing, Mobile, Other","B2B, E-Commerce, Industrial, Marketplace, Mobile",8.0,Late Stage Venture,2022-01-27,250000000.0,USD,250000000.0,Series F,Series F,250000000.0,USD,250000000.0,472208452.0,USD,472208452.0,,"1,420,840","1,830,086.33",401.0,,,
Molten Ventures,"London, England, United Kingdom",Active,For Profit,183.0,79.0,5.0,43.0,2.0,2.0,"Financial Services, Lending and Investments","Finance, Financial Services, Venture Capital",4.0,IPO,2020-10-02,110000000.0,GBP,142290567.0,Post-IPO Equity,Post-IPO Equity,110000000.0,GBP,142290567.0,205564407.0,USD,205564407.0,3.0,14.222,"8,590.17",314.0,,,
PLDT,"Makati, Manila, Philippines",Active,For Profit,6.0,2.0,,3.0,1.0,2.0,"Hardware, Mobile","Mobile, Telecommunications",2.0,,2020-02-27,1000000.0,USD,1000000.0,Grant,Venture - Series Unknown,,,,1000000.0,USD,1000000.0,,,,,,,
Latitud,"SÃ£o Paulo, Sao Paulo, Brazil",Active,For Profit,25.0,,1.0,,2.0,19.0,"Financial Services, Lending and Investments",Venture Capital,2.0,Seed,2022-02-28,11500000.0,USD,11500000.0,Seed,Seed,11500000.0,USD,11500000.0,11500000.0,USD,11500000.0,,2.698,"3,939.67",11.0,,,
October,"Paris, Ile-de-France, France",Active,For Profit,9.0,9.0,,6.0,3.0,19.0,"Commerce and Shopping, Financial Services, Lending and Investments, Other","Consumer Lending, Financial Services, FinTech, Marketplace, Small and Medium Businesses",6.0,,2020-09-30,258000000.0,EUR,302463672.0,Debt Financing,Undisclosed,37000000.0,USD,37000000.0,611915989.0,USD,611915989.0,,168.481,"150,819.17",676.0,,,
Lighter Capital,"Seattle, Washington, United States",Active,,320.0,125.0,33.0,45.0,1.0,7.0,"Financial Services, Lending and Investments","FinTech, Venture Capital",4.0,Early Stage Venture,2021-07-26,100000000.0,USD,100000000.0,Debt Financing,Series B,9000000.0,USD,9000000.0,116022000.0,USD,116022000.0,11.0,40.689,55.412,220.0,283749.0,USD,283749.0
K2,"Bellevue, Washington, United States",Closed,For Profit,2.0,,,1.0,2.0,6.0,"Apps, Information Technology, Internet Services, Software","Apps, Business Information Systems, Cloud Computing, Enterprise Applications, Software",4.0,M&A,2020-10-14,500000.0,USD,500000.0,Undisclosed,Undisclosed,500000.0,USD,500000.0,154371495.0,USD,154371495.0,21.0,"1,093,236","711,128.5",0.0,,,
Liquid 2 Ventures,"San Francisco, California, United States",Active,,304.0,8.0,58.0,24.0,,1.0,"Financial Services, Lending and Investments","Financial Exchanges, Impact Investing, Venture Capital",1.0,,2018-03-01,,,,Venture - Series Unknown,Venture - Series Unknown,,,,,,,,6.734,"4,702.83",0.0,,,
HNA Group,"Haikou, Hainan, China",Active,For Profit,11.0,8.0,,6.0,3.0,7.0,"Financial Services, Real Estate, Science and Engineering, Transportation, Travel and Tourism","Aerospace, Finance, Logistics, Real Estate, Travel",3.0,Early Stage Venture,2019-12-02,4000000000.0,CNY,568238319.0,Debt Financing,Series B,82000000.0,USD,82000000.0,3830545855.0,USD,3830545855.0,1.0,27.755,"10,405.67",88.0,,,
Revolution,"Makati, Manila, Philippines",Active,For Profit,,,,,2.0,2.0,"Design, Real Estate","Architecture, Building Material, Interior Design, Real Estate",2.0,Early Stage Venture,2017-10-01,,,,Series B,Series B,,,,15400000.0,USD,15400000.0,,823,,0.0,,,
IONIQ,"Berlin, Berlin, Germany",Active,,11.0,2.0,,2.0,,8.0,"Advertising, Data and Analytics, Financial Services, Health Care, Internet Services, Sales and Marketing","Advertising, Big Data, FinTech, Health Care, Internet",2.0,Early Stage Venture,2012-05-07,4000000.0,EUR,5220766.0,Series A,Series A,4000000.0,EUR,5220766.0,5220767.0,USD,5220767.0,3.0,,,,,,
NewLake Capital Partners,"Chicago, Illinois, United States",Active,For Profit,1.0,1.0,,1.0,,1.0,"Commerce and Shopping, Manufacturing, Transportation","Industrial, Logistics, Retail",2.0,,2021-02-12,500000.0,USD,500000.0,Venture - Series Unknown,Venture - Series Unknown,500000.0,USD,500000.0,86000000.0,USD,86000000.0,,13.402,"6,303.83",44.0,,,
JCDecaux,"Neuilly-sur-seine, Ile-de-France, France",Active,For Profit,4.0,4.0,,2.0,1.0,1.0,"Advertising, Sales and Marketing","Advertising, Brand Marketing, Marketing, Outdoor Advertising",1.0,IPO,2018-11-22,100000.0,EUR,114024.0,Post-IPO Debt,,,,,100000.0,EUR,114025.0,11.0,43.322,"44,394.83",150.0,,,
Renren,"Chaoyang, Liaoning, China",Active,For Profit,40.0,23.0,6.0,10.0,,8.0,"Apps, Community and Lifestyle, Internet Services, Media and Entertainment, Software, Video","Apps, Internet, Social, Social Network, Video",2.0,IPO,2008-04-30,430000000.0,USD,430000000.0,Private Equity,Private Equity,430000000.0,USD,430000000.0,478000000.0,USD,478000000.0,,9.886,3.255,8.0,,,
National Black Bank Foundation,"Atlanta, Georgia, United States",Active,For Profit,1.0,1.0,,,1.0,1.0,"Community and Lifestyle, Financial Services, Other","Charity, Communities, Financial Services",1.0,,2021-11-05,25000.0,USD,25000.0,Grant,,,,,25000.0,USD,25000.0,,5.042,,69.0,,,
Apple,"Cupertino, California, United States",Active,For Profit,25.0,18.0,2.0,11.0,3.0,6.0,"Consumer Electronics, Hardware, Mobile, Software","Consumer Electronics, Hardware, Mobile Devices, Software",6.0,IPO,2017-09-06,5000000000.0,USD,5000000000.0,Post-IPO Debt,Private Equity,,,,6150230000.0,USD,6150230000.0,43.0,"2,525,122,899","746,850,322.17",1.159,20742015747.0,USD,20742015747.0
Coinbase,"San Francisco, California, United States",Active,For Profit,8.0,1.0,,,8.0,70.0,"Commerce and Shopping, Financial Services, Lending and Investments, Other, Payments, Software","Bitcoin, Blockchain, Cryptocurrency, E-Commerce, FinTech, Trading Platform",17.0,IPO,2021-01-18,20000000.0,USD,20000000.0,Secondary Market,Venture - Series Unknown,,,,567309825.0,USD,567309825.0,11.0,"129,835,919","122,515,479.83",610.0,,,
Animoca Brands,"Cyberport, Hong Kong Island, Hong Kong",Active,For Profit,189.0,77.0,8.0,5.0,14.0,71.0,"Apps, Gaming, Mobile, Other, Software","Apps, Blockchain, Casual Games, Developer Platform, Mobile",21.0,IPO,2022-02-03,33000000.0,USD,33000000.0,Secondary Market,Series C,500000000.0,USD,500000000.0,1341462762.0,USD,1341462762.0,1.0,77.272,115.512,377.0,,,
AngelList,"San Francisco, California, United States",Active,For Profit,112.0,10.0,18.0,14.0,5.0,50.0,"Financial Services, Internet Services, Lending and Investments","Angel Investment, Financial Services, Internet",7.0,Early Stage Venture,2022-04-22,44000000.0,USD,44000000.0,Series B,Series B,44000000.0,USD,44000000.0,170200000.0,USD,170200000.0,2.0,"4,853,001","4,717,251",692.0,,,
Digital Currency Group,"Stamford, Connecticut, United States",Closed,,271.0,29.0,23.0,35.0,6.0,27.0,"Financial Services, Lending and Investments, Other, Payments, Software","Bitcoin, Blockchain, Financial Services, FinTech, Venture Capital",5.0,,2021-11-18,600000000.0,USD,600000000.0,Debt Financing,Venture - Series Unknown,,,,1300000000.0,USD,1300000000.0,3.0,78.47,"36,124.33",184.0,,,
Gemini,"New York, New York, United States",Active,For Profit,3.0,,,,1.0,17.0,"Financial Services, Payments, Software","Cryptocurrency, Finance, Financial Services, FinTech",2.0,Private Equity,2022-02-17,,,,Private Equity,Private Equity,,,,423903059.0,USD,423903059.0,1.0,"10,849,964","11,303,558.83",1.018,,,
Amber Group,"Hong Kong, Hong Kong Island, Hong Kong",Active,For Profit,14.0,4.0,1.0,,4.0,24.0,"Financial Services, Information Technology, Lending and Investments, Payments, Software","Cryptocurrency, Finance, Financial Services, FinTech, Information Technology, Trading Platform",3.0,Early Stage Venture,2022-02-21,200000000.0,USD,200000000.0,Series B,Series B,200000000.0,USD,200000000.0,328000000.0,USD,328000000.0,1.0,60.41,"53,636.33",1.199,,,
Flipkart,"Bengaluru, Karnataka, India",Active,For Profit,29.0,26.0,,3.0,13.0,30.0,"Commerce and Shopping, Gaming","E-Commerce, Marketplace, Video Games",25.0,M&A,2021-07-12,3600000000.0,USD,3600000000.0,Private Equity,Private Equity,3600000000.0,USD,3600000000.0,12609184737.0,USD,12609184737.0,,"127,662,683","126,138,811.17",814.0,,,
Galaxy Digital,"New York, New York, United States",Active,,85.0,23.0,11.0,9.0,1.0,5.0,"Financial Services, Lending and Investments","Asset Management, Banking, Finance, Financial Services, FinTech",2.0,IPO,2021-11-29,500000000.0,USD,500000000.0,Post-IPO Debt,Post-IPO Equity,5000000.0,USD,5000000.0,505000000.0,USD,505000000.0,1.0,45.389,"38,887.67",152.0,,,
Citi,"New York, New York, United States",Active,For Profit,132.0,38.0,13.0,26.0,2.0,2.0,"Financial Services, Lending and Investments, Payments","Banking, Credit Cards, Financial Services, Wealth Management",2.0,IPO,2018-05-08,1200000000.0,USD,1200000000.0,Post-IPO Equity,Post-IPO Equity,1200000000.0,USD,1200000000.0,8700000000.0,USD,8700000000.0,43.0,"2,031,004","1,842,993.83",373.0,9010410823.0,USD,9010410823.0
2TM,"Brasil, Sao Paulo, Brazil",Active,For Profit,14.0,2.0,,,4.0,12.0,"Financial Services, Other, Payments, Software","Asset Management, Bitcoin, Blockchain, FinTech",5.0,,2022-01-20,,,,Corporate Round,Corporate Round,,,,250300000.0,USD,250300000.0,,3.828,"1,107.83",29.0,,,
Berkshire Hathaway,"Omaha, Nebraska, United States",Active,For Profit,16.0,15.0,1.0,13.0,1.0,1.0,"Financial Services, Lending and Investments, Real Estate, Transportation","Air Transportation, Credit, Insurance, Property Insurance, Real Estate",1.0,IPO,2019-08-15,3510000.0,USD,3510000.0,Post-IPO Equity,Post-IPO Equity,3510000.0,USD,3510000.0,3510000.0,USD,3510000.0,2.0,561.483,"445,176.33",186.0,12455974646.0,USD,12455974646.0
Crowdcube,"Exeter, Devon, United Kingdom",Active,For Profit,650.0,31.0,7.0,8.0,5.0,13.0,"Financial Services, Lending and Investments, Professional Services","Business Development, Crowdfunding, Financial Services, FinTech, Funding Platform, Venture Capital",15.0,,2022-03-15,2564160.0,GBP,3344768.0,Secondary Market,Equity Crowdfunding,2000000.0,GBP,2655354.0,64068292.0,USD,64068292.0,5.0,394.495,"442,451.83",440.0,14363682.0,USD,14363682.0
Comcast,"Philadelphia, Pennsylvania, United States",Active,For Profit,24.0,6.0,5.0,5.0,2.0,2.0,"Hardware, Internet Services, Media and Entertainment, Video","Internet, Telecommunications, TV, Video, Web Hosting",3.0,IPO,2022-03-18,33100000.0,USD,33100000.0,Grant,Post-IPO Equity,870000000.0,USD,870000000.0,4903100000.0,USD,4903100000.0,35.0,,,,2124315.0,USD,2124315.0
Google,"Mountain View, California, United States",Active,For Profit,165.0,77.0,17.0,42.0,3.0,12.0,"Information Technology, Internet Services, Other, Software","Collaboration, Enterprise Software, Information Technology, Search Engine",4.0,IPO,2000-06-01,10000000.0,USD,10000000.0,Undisclosed,Undisclosed,10000000.0,USD,10000000.0,36100000.0,USD,36100000.0,450.0,"45,038,750,504","45,243,848,830.67",1.299,,,
DFINITY,"ZÃ¼rich, Zurich, Switzerland",Active,Non-profit,3.0,1.0,,,2.0,16.0,"Information Technology, Internet Services, Other, Software","Blockchain, Cloud Computing, Information Technology, Internet, Software",9.0,Early Stage Venture,2021-12-06,,,,Secondary Market,Series A,,,,166875499.0,USD,166875499.0,2.0,202.343,"173,014.67",183.0,83520.0,USD,83520.0
Endeavor,"New York, New York, United States",Active,Non-profit,12.0,,,,,1.0,"Financial Services, Lending and Investments, Other","FinTech, Non Profit, Venture Capital",1.0,,2020-01-01,130000000.0,USD,130000000.0,Undisclosed,Undisclosed,130000000.0,USD,130000000.0,130000000.0,USD,130000000.0,11.0,26.475,53.781,895.0,717191.0,USD,717191.0
Careem,"Dubai, Dubai, United Arab Emirates",Active,For Profit,3.0,2.0,,,6.0,22.0,"Other, Professional Services, Transportation","Customer Service, Logistics, Public Transportation, Ride Sharing, Transportation",7.0,M&A,2018-10-18,200000000.0,USD,200000000.0,Series F,Series F,200000000.0,USD,200000000.0,771700000.0,USD,771700000.0,4.0,451.475,"1,007,956",213.0,,,
GlaxoSmithKline,"London, England, United Kingdom",Active,For Profit,23.0,10.0,6.0,12.0,1.0,1.0,"Biotechnology, Health Care, Science and Engineering","Biotechnology, Health Care, Pharmaceutical",2.0,IPO,2021-03-02,18000000.0,USD,18000000.0,Grant,,,,,25510000.0,USD,25510000.0,8.0,"4,339,574","2,360,913.33",381.0,,,
Blockchain Capital,"San Francisco, California, United States",Active,,128.0,24.0,15.0,13.0,,2.0,"Financial Services, Other, Payments, Software","Bitcoin, Blockchain, Cryptocurrency, Finance, FinTech",2.0,,2017-04-11,10000000.0,USD,10000000.0,Venture - Series Unknown,Venture - Series Unknown,10000000.0,USD,10000000.0,10000000.0,USD,10000000.0,3.0,4.828,,5.0,,,
Clearco,"Toronto, Ontario, Canada",Active,For Profit,6.0,,,,6.0,31.0,"Commerce and Shopping, Financial Services, Internet Services, Lending and Investments","E-Commerce, Financial Services, FinTech, Internet, Venture Capital",5.0,Late Stage Venture,2021-07-08,215000000.0,USD,215000000.0,Series C,Series C,215000000.0,USD,215000000.0,681535950.0,USD,681535950.0,1.0,151.205,"102,596.67",174.0,,,
gener8tor,"Madison, Wisconsin, United States",Active,,174.0,60.0,48.0,9.0,,2.0,"Financial Services, Lending and Investments","Finance, Financial Services, Venture Capital",2.0,,2016-01-01,600000.0,USD,600000.0,Venture - Series Unknown,Venture - Series Unknown,600000.0,USD,600000.0,600000.0,USD,600000.0,15.0,31.193,"14,187.67",64.0,22447.0,USD,22447.0
Accenture,"Dublin, Dublin, Ireland",Active,For Profit,45.0,16.0,6.0,22.0,1.0,1.0,"Information Technology, Professional Services, Real Estate","Construction, Consulting, Information Technology, Outsourcing",1.0,IPO,2018-10-01,6000000.0,USD,6000000.0,Grant,,,,,6000000.0,USD,6000000.0,363.0,,,,,,
BlockTower Capital,"New York, New York, United States",Active,,27.0,5.0,1.0,,2.0,3.0,"Financial Services, Other, Payments, Software","Blockchain, Cryptocurrency, Finance, Virtual Currency",1.0,,2018-01-04,140000000.0,USD,140000000.0,Venture - Series Unknown,Venture - Series Unknown,140000000.0,USD,140000000.0,140000000.0,USD,140000000.0,1.0,5.434,"7,936.83",5.0,,,
CICC,"Beijing, Beijing, China",Active,For Profit,138.0,55.0,4.0,33.0,1.0,2.0,"Financial Services, Lending and Investments","Banking, Finance, Financial Services, Venture Capital",2.0,IPO,2017-09-20,367000000.0,USD,367000000.0,Post-IPO Equity,Post-IPO Equity,367000000.0,USD,367000000.0,367000000.0,USD,367000000.0,,,,,,,
Eurazeo,"Paris, Ile-de-France, France",Active,For Profit,209.0,88.0,6.0,49.0,1.0,1.0,"Financial Services, Lending and Investments","Asset Management, Finance, Financial Services, FinTech, Venture Capital",1.0,IPO,2017-06-06,790500000.0,EUR,890972269.0,Post-IPO Equity,Post-IPO Equity,790500000.0,EUR,890972269.0,790500000.0,EUR,890972270.0,,36.392,"22,970.33",228.0,,,
Garage Capital,"Waterloo, Ontario, Canada",Active,For Profit,57.0,1.0,5.0,1.0,1.0,2.0,"Financial Services, Lending and Investments","Crowdfunding, Financial Services, Venture Capital",2.0,Seed,2018-11-05,50000000.0,USD,50000000.0,Grant,Seed,,,,50000000.0,USD,50000000.0,,3.078,,0.0,,,
Aavishkaar Venture Capital,"Mumbai, Maharashtra, India",Active,,77.0,48.0,2.0,4.0,2.0,3.0,"Financial Services, Lending and Investments","Finance, Financial Services, Venture Capital",2.0,,2019-09-26,37000000.0,USD,37000000.0,Venture - Series Unknown,Venture - Series Unknown,37000000.0,USD,37000000.0,62000000.0,USD,62000000.0,,1.357,"1,975.17",19.0,,,
8VC,"San Francisco, California, United States",Active,,351.0,105.0,74.0,25.0,,1.0,"Financial Services, Lending and Investments","Finance, Financial Services, Venture Capital",1.0,,2018-05-01,,,,Venture - Series Unknown,Venture - Series Unknown,,,,,,,1.0,12.447,16.767,48.0,,,
DoorDash,"San Francisco, California, United States",Active,For Profit,4.0,1.0,,,12.0,30.0,"Administrative Services, Apps, Food and Beverage, Mobile, Software, Transportation","Delivery, Food Delivery, Logistics, Mobile Apps",12.0,IPO,2020-06-18,400000000.0,USD,400000000.0,Series H,Series H,400000000.0,USD,400000000.0,2471820000.0,USD,2471820000.0,2.0,"156,490,245","81,313,031.67",739.0,,,
500 Startups,"San Francisco, California, United States",Active,For Profit,2.779,378.0,481.0,327.0,1.0,6.0,"Financial Services, Lending and Investments","Finance, Financial Services, Venture Capital",8.0,,2021-02-17,,,,Venture - Series Unknown,Venture - Series Unknown,,,,2163000.0,USD,2163000.0,69.0,190.78,"94,452.33",337.0,54440.0,USD,54440.0
Advantage Capital,"New Orleans, Louisiana, United States",Active,,1.126,80.0,52.0,117.0,1.0,1.0,"Financial Services, Lending and Investments, Professional Services","Business Development, Financial Exchanges, Financial Services, Impact Investing, Venture Capital",1.0,,2014-05-22,77000000.0,USD,77000000.0,Debt Financing,,,,,77000000.0,USD,77000000.0,,5.534,"5,595.83",51.0,1979600.0,USD,1979600.0
ByteDance,"Shanghai, Shanghai, China",Active,For Profit,52.0,29.0,,3.0,13.0,29.0,"Data and Analytics, Information Technology, Internet Services, Media and Entertainment","Content, Data Mining, Internet, Social Media",12.0,Private Equity,2020-12-11,2000000000.0,USD,2000000000.0,Private Equity,Private Equity,2000000000.0,USD,2000000000.0,9405000000.0,USD,9405000000.0,4.0,"1,029,389",763.096,498.0,,,
CRED,"Bengaluru, Karnataka, India",Active,For Profit,1.0,,,,9.0,33.0,"Financial Services, Lending and Investments, Payments","Credit Cards, Financial Services, FinTech, Payments",9.0,,2022-04-07,200000000.0,USD,200000000.0,Venture - Series Unknown,Venture - Series Unknown,200000000.0,USD,200000000.0,922205550.0,USD,922205550.0,,"1,502,526","1,177,370.67",335.0,,,
Alchemist Accelerator,"San Francisco, California, United States",Active,,566.0,61.0,101.0,45.0,5.0,15.0,"Apps, Health Care, Other, Software","Apps, B2B, Enterprise Software, Medical, Software",8.0,,2020-09-18,,,,Venture - Series Unknown,Venture - Series Unknown,,,,9100000.0,USD,9100000.0,21.0,907.587,"682,593.17",2.215,,,
AMC Theatres,"Leawood, Kansas, United States",Active,For Profit,2.0,2.0,2.0,1.0,2.0,2.0,"Media and Entertainment, Sports, Video","Film, Media and Entertainment, Recreation, Theatre",5.0,M&A,2022-02-02,950000000.0,USD,950000000.0,Post-IPO Debt,Post-IPO Equity,506000000.0,USD,506000000.0,2567000000.0,USD,2567000000.0,,"28,124,522","23,134,307.5",505.0,174495.0,USD,174495.0
Farfetch,"London, England, United Kingdom",Active,For Profit,10.0,2.0,3.0,1.0,13.0,27.0,"Clothing and Apparel, Commerce and Shopping, Design, Internet Services","E-Commerce, Fashion, Internet, Retail",12.0,IPO,2020-11-05,600000000.0,USD,600000000.0,Post-IPO Equity,Post-IPO Equity,600000000.0,USD,600000000.0,1601500000.0,USD,1601500000.0,3.0,"19,622,313","21,797,379.33",452.0,4640796.0,USD,4640796.0
FundersClub,"San Francisco, California, United States",Active,,495.0,6.0,90.0,82.0,1.0,29.0,"Financial Services, Lending and Investments","Finance, Financial Services, FinTech, Funding Platform",2.0,Early Stage Venture,2017-10-31,,,,Series A,Series A,,,,6500000.0,USD,6500000.0,1.0,25.357,"40,117.17",69.0,,,
Delivery Hero,"Berlin, Berlin, Germany",Active,For Profit,26.0,11.0,,8.0,9.0,36.0,"Commerce and Shopping, Food and Beverage, Internet Services, Transportation","E-Commerce, Food Delivery, Internet, Same Day Delivery",21.0,IPO,2022-04-04,1400000000.0,EUR,1536514723.0,Post-IPO Debt,Post-IPO Equity,660000000.0,EUR,777567415.0,9882351313.0,USD,9882351313.0,5.0,"6,242,534","1,788,070.67",474.0,4109033.0,USD,4109033.0
Alibaba Group,"Hangzhou, Zhejiang, China",Active,For Profit,249.0,164.0,4.0,66.0,6.0,33.0,"Commerce and Shopping, Information Technology, Other","Association, B2B, Information Technology, Shopping",17.0,IPO,2016-06-02,1000000000.0,USD,1000000000.0,Post-IPO Equity,Post-IPO Equity,1000000000.0,USD,1000000000.0,8907000000.0,USD,8907000000.0,26.0,"121,549,638","78,067,110.17",554.0,,,
Gojo & Company,"Tokyo, Tokyo, Japan",Active,For Profit,7.0,6.0,,,2.0,25.0,"Financial Services, Lending and Investments","Finance, Financial Services, FinTech, Micro Lending",11.0,Late Stage Venture,2020-12-17,2720000000.0,JPY,26369620.0,Series D,Series D,2720000000.0,JPY,26369620.0,156823473.0,USD,156823473.0,,2.613,3.63,0.0,,,
BC Partners,"London, England, United Kingdom",Active,,11.0,8.0,,9.0,2.0,2.0,"Financial Services, Lending and Investments, Real Estate","Finance, Financial Services, Real Estate, Venture Capital",2.0,M&A,2019-08-06,,,,Private Equity,Private Equity,,,,759815346.0,USD,759815346.0,1.0,51.896,"112,734.5",485.0,8078057.0,USD,8078057.0
Anthemis Group,"London, England, United Kingdom",Active,,212.0,81.0,18.0,19.0,1.0,4.0,"Financial Services, Lending and Investments","Finance, Financial Services, Venture Capital",3.0,,2018-01-10,,,,Venture - Series Unknown,Venture - Series Unknown,,,,,,,1.0,9.592,"10,483.33",5.0,14182632.0,USD,14182632.0
Cisco,"San Jose, California, United States",Active,For Profit,214.0,49.0,21.0,100.0,1.0,1.0,"Hardware, Software","Communications Infrastructure, Enterprise Software, Hardware",1.0,IPO,1987-01-01,2500000.0,USD,2500000.0,Series A,Series A,2500000.0,USD,2500000.0,2500000.0,USD,2500000.0,424.0,"35,589,625","31,540,157.67",871.0,,,
Argo Blockchain,"London, England, United Kingdom",Active,For Profit,3.0,2.0,,2.0,1.0,1.0,"Financial Services, Information Technology, Other, Payments, Software","Blockchain, Cryptocurrency, Information Technology",3.0,IPO,2021-09-10,18050000.0,GBP,24970360.0,Post-IPO Debt,Post-IPO Equity,5000000.0,USD,5000000.0,49348865.0,USD,49348865.0,,8.433,"15,886.83",203.0,,,
GirnarSoft,"Jaipur, Rajasthan, India",Active,For Profit,4.0,4.0,,,4.0,5.0,"Mobile, Software","Developer Tools, Enterprise Software, Mobile, Software, Web Development",5.0,Late Stage Venture,2019-12-04,40050000.0,USD,40050000.0,Series D,Series D,40050000.0,USD,40050000.0,108650000.0,USD,108650000.0,,21.862,"16,523.33",723.0,,,
Coil,"San Francisco, California, United States",Active,For Profit,6.0,2.0,2.0,1.0,1.0,2.0,"Advertising, Internet Services, Sales and Marketing, Software","Advertising, Internet, Software",2.0,Seed,2019-08-15,265000000.0,USD,265000000.0,Grant,Seed,4000000.0,USD,4000000.0,269000000.0,USD,269000000.0,,55.276,"54,384.83",566.0,,,
Evotec,"Hamburg, Hamburg, Germany",Active,For Profit,21.0,5.0,4.0,2.0,6.0,9.0,"Biotechnology, Health Care, Science and Engineering","Biopharma, Biotechnology, Pharmaceutical",9.0,IPO,2022-01-03,7500000.0,EUR,8476501.0,Grant,Post-IPO Equity,250000000.0,EUR,293575051.0,482831718.0,USD,482831718.0,1.0,40.525,27.159,392.0,3987727.0,USD,3987727.0
Adobe,"San Jose, California, United States",Active,For Profit,26.0,7.0,2.0,7.0,1.0,1.0,"Content and Publishing, Data and Analytics, Media and Entertainment, Software","Enterprise Software, Image Recognition, Photo Editing, SaaS",1.0,IPO,1984-10-01,2500000.0,USD,2500000.0,Venture - Series Unknown,Venture - Series Unknown,2500000.0,USD,2500000.0,2500000.0,USD,2500000.0,196.0,"302,124,413","247,668,483.17",550.0,80765.0,USD,80765.0
Arca,"Los Angeles, California, United States",Active,For Profit,10.0,1.0,,1.0,2.0,4.0,Financial Services,"Finance, Financial Services, FinTech",2.0,Early Stage Venture,2021-01-13,10000000.0,USD,10000000.0,Series A,Series A,10000000.0,USD,10000000.0,10000000.0,USD,10000000.0,,33.578,"22,816.5",71.0,,,
Global Ventures,"Dubai, Dubai, United Arab Emirates",Active,For Profit,52.0,32.0,2.0,1.0,1.0,1.0,"Financial Services, Information Technology, Lending and Investments, Privacy and Security","Cyber Security, Finance, Financial Services, Venture Capital",1.0,,2022-01-16,1500000.0,USD,1500000.0,Undisclosed,Undisclosed,1500000.0,USD,1500000.0,1500000.0,USD,1500000.0,,187.963,"109,200.5",152.0,,,
American Axle & Manufacturing,"Detroit, Michigan, United States",Active,For Profit,1.0,1.0,1.0,,1.0,2.0,"Design, Information Technology, Manufacturing, Transportation","Automotive, Electric Vehicle, Management Information Systems, Manufacturing, Product Design",2.0,IPO,2021-05-10,5000000.0,USD,5000000.0,Grant,Private Equity,,,,5000000.0,USD,5000000.0,,54.07,"54,295.17",203.0,80252770.0,USD,80252770.0
Bitmain,"Beijing, Beijing, China",Active,For Profit,38.0,15.0,,3.0,4.0,14.0,"Consumer Electronics, Financial Services, Hardware, Manufacturing, Payments, Science and Engineering, Software","Application Specific Integrated Circuit (ASIC), Bitcoin, Electronics, Manufacturing, Semiconductor",3.0,Early Stage Venture,2018-08-07,422000000.0,USD,422000000.0,Series B,Series B,422000000.0,USD,422000000.0,764700000.0,USD,764700000.0,4.0,923.472,"1,396,341",580.0,,,
GoBeyond,"ZÃ¼rich, Zurich, Switzerland",Active,,174.0,7.0,3.0,9.0,1.0,3.0,Financial Services,"Finance, Financial Services, FinTech",3.0,,2017-11-21,3000000.0,CHF,3028513.0,Corporate Round,Corporate Round,3000000.0,CHF,3028513.0,3709811.0,USD,3709811.0,,355,"2,803.83",0.0,,,
Aphria,"Leamington, Ontario, Canada",Active,For Profit,4.0,4.0,1.0,2.0,1.0,1.0,"Community and Lifestyle, Food and Beverage, Health Care, Other, Professional Services","Alternative Medicine, Cannabis, Customer Service, Medical, Pharmaceutical",7.0,M&A,2020-01-25,100000000.0,CAD,76060376.0,Post-IPO Equity,Post-IPO Equity,100000000.0,CAD,76060376.0,462073241.0,USD,462073241.0,1.0,11.059,"24,699.5",51.0,,,
Community Investment Management,"San Francisco, California, United States",Active,,15.0,14.0,6.0,1.0,,1.0,"Commerce and Shopping, Financial Services, Lending and Investments","Finance, Financial Exchanges, Financial Services, FinTech, Marketplace",2.0,,2019-01-01,,,,Venture - Series Unknown,Venture - Series Unknown,,,,725225.0,USD,725225.0,1.0,,,,,,
Bossa Nova Investimentos,"SÃ£o Paulo, Sao Paulo, Brazil",Active,,1.385,21.0,161.0,97.0,,1.0,"Financial Services, Lending and Investments","Finance, Financial Services, Venture Capital",2.0,Seed,2018-12-01,,,,Pre-Seed,Pre-Seed,,,,,,,,10.36,"9,088.67",148.0,,,
Founders Factory,"London, England, United Kingdom",Active,,114.0,42.0,4.0,10.0,,2.0,"Commerce and Shopping, Education, Financial Services, Information Technology, Media and Entertainment","Digital Media, Education, FinTech, Information Technology, Retail",2.0,,2021-10-07,10000000.0,GBP,13620007.0,Venture - Series Unknown,Venture - Series Unknown,10000000.0,GBP,13620007.0,13620007.0,USD,13620007.0,2.0,23.537,"14,306.83",128.0,13878681.0,USD,13878681.0
Earlybird Venture Capital,"Berlin, Berlin, Germany",Active,For Profit,281.0,112.0,3.0,44.0,1.0,1.0,"Financial Services, Lending and Investments, Professional Services","Business Development, Financial Services, FinTech, Venture Capital",1.0,,2018-07-04,18000000.0,EUR,20988757.0,Venture - Series Unknown,Venture - Series Unknown,18000000.0,EUR,20988757.0,18000000.0,EUR,20988757.0,11.0,7.637,"12,045.33",153.0,13241876.0,USD,13241876.0
EquityZen,"New York, New York, United States",Active,For Profit,37.0,2.0,4.0,31.0,1.0,16.0,"Financial Services, Lending and Investments, Payments","Finance, Financial Services, FinTech, Payments, Trading Platform",6.0,Early Stage Venture,2017-07-18,3000000.0,USD,3000000.0,Series B,Series B,3000000.0,USD,3000000.0,11309374.0,USD,11309374.0,2.0,373.848,"506,332.33",713.0,246443.0,USD,246443.0
Golub Capital,"San Francisco, California, United States",Active,,31.0,12.0,3.0,14.0,,1.0,"Financial Services, Lending and Investments","Credit, Finance, Financial Services, Venture Capital",1.0,Private Equity,2018-08-03,,,,Private Equity,Private Equity,,,,,,,,15.95,"10,751.5",510.0,,,
ArcTern Ventures,"Toronto, Ontario, Canada",Active,,41.0,13.0,3.0,1.0,,1.0,"Financial Services, Lending and Investments, Sustainability","CleanTech, Finance, Financial Services, Venture Capital",1.0,Early Stage Venture,2013-09-01,,,,Series A,Series A,,,,,,,,3.28,,10.0,,,
Boost VC,"San Mateo, California, United States",Active,,266.0,25.0,38.0,29.0,,1.0,"Financial Services, Lending and Investments","Finance, Financial Services, Venture Capital",1.0,,2014-06-01,,,,Venture - Series Unknown,Venture - Series Unknown,,,,,,,3.0,734,"2,610.83",53.0,,,
